ID,Sequence,MRL,MFE
_mrl_6.0_mfe_-8.0_idx_0,TCATGCGGCCGCTTCGTCCTTCCGCCACCGCGAGCACCATTGGTAAATGC,5.839621543884277,-8.2
_mrl_6.0_mfe_-8.0_idx_1,TGATACGCATTACGTCATAGTCTAGCTGGGCAAGCGCACTCCGGGCAATT,5.3879218101501465,-6.4
_mrl_6.0_mfe_-8.0_idx_2,CCGTCCGGACAATAGCGTAACCCCCTGCAGAAAGCACTTGGAGCTATGAG,5.6758317947387695,-6.9
_mrl_6.0_mfe_-8.0_idx_3,AAGCACGCGCGCGTAGGAATATACCGAATGCAAGCAAGCCGTCACAAAAC,6.074100971221924,-8.9
_mrl_6.0_mfe_-8.0_idx_4,TGTTGCGCAACGGAACATAAGGAATAGCCTAATCAACCGCTTAGCTTGTG,5.905852317810059,-7.0
_mrl_6.0_mfe_-8.0_idx_5,AAGAGCGCGCATGAGATGCTGATAGCTTATGAAGCGCCATTAATTTCACC,5.160950183868408,-10.9
_mrl_6.0_mfe_-8.0_idx_6,CATGCCGCCTCGGACACCCTGAAAGCCCGCTATCGGAGCTAGATGAAAGA,5.894363880157471,-8.3
_mrl_6.0_mfe_-8.0_idx_7,CGAACCGCAACGACGGACAGATGCGTACCCGCTCGTGAGAAGAAGACGAA,5.534337520599365,-7.5
_mrl_6.0_mfe_-8.0_idx_8,ATGACAGGCAGTCCTGCCCTTAGTACACATTTTCGAAGGCGTCCCAGGGG,5.881486892700195,-8.1
_mrl_6.0_mfe_-8.0_idx_9,GTTTGCGCAGAGTAAGTAGAAGCTTCCAACAAAGCTATAGCGAGGATGAG,6.008683204650879,-5.5
_mrl_6.0_mfe_-8.0_idx_10,ACTACCGTTTGGCAAAAACAGTCCACGTTATTAGCGTGCATGTGAACCCG,6.0964765548706055,-8.1
_mrl_6.0_mfe_-8.0_idx_11,TGAGGCGCAGGCAAAATATCTGAACTTCGTTTTCAGCTGGCTAAGTCTCT,6.1731181144714355,-11.1
_mrl_6.0_mfe_-8.0_idx_12,TGCGTAGAAAACCAAATAGAGGGACGGAAACGTCCCGTCGTTCACGATAA,5.977809906005859,-13.9
_mrl_6.0_mfe_-8.0_idx_13,CCGTCCGGCTCGTAGCGAATGTCGAACCGACAAGCACCTCTAGTCTGTTC,5.9301958084106445,-9.9
_mrl_6.0_mfe_-8.0_idx_14,TGTGAAGAGTAGCACAAATCGAAGGTGGATCGAGTGTGGCCAAGGTACCT,6.266383647918701,-6.9
_mrl_6.0_mfe_-8.0_idx_15,CCTTTCGCACGGCTGCTAACCTCGACGTTCAATCCCTCCATGCGTAAGGT,6.028627872467041,-9.2
_mrl_6.0_mfe_-8.0_idx_16,TGAAGAGGGACCAAAAAGAGAAGGTACAGCCTAGTGGCTAATGAGACTAA,5.321201324462891,-6.7
_mrl_6.0_mfe_-8.0_idx_17,GCCAAAGATTATTGGCAACAGAGACGAATGCCAGCGTAACGCAGACTTCC,6.073643684387207,-8.2
_mrl_6.0_mfe_-8.0_idx_18,TAAATAGATAGGGGAAGTCCCACTTAAACCTGTCGGCGATAAGCAAATGC,6.364121437072754,-10.7
_mrl_6.0_mfe_-8.0_idx_19,TGTCACGCGAGACCGAGTAAGGGAAGCCAGTCTCCTAGACCTAGTTTCGC,5.724788188934326,-14.1
_mrl_6.0_mfe_-8.0_idx_20,GACCCCGGTTCACGCGCGTAGTAAATGAGTAGTCCTAGTCCGTTAGACGC,5.996143817901611,-5.1
_mrl_6.0_mfe_-8.0_idx_21,TCGGGCGCTAAAGGCTGCTTGTTCGACCTATGTCCGTTTGAAAGGGGAAG,6.018093585968018,-9.1
_mrl_6.0_mfe_-8.0_idx_22,TGCTTCGCCCAAGGATAGGAAAATTGGTGCCCAGCCGATTACAGTAAGCT,5.72876501083374,-8.2
_mrl_6.0_mfe_-8.0_idx_23,CGGACCGCACGACCATTAATGCCAGCGCTGTCAGCCGGACACGCGAAAAA,6.294068336486816,-8.2
_mrl_6.0_mfe_-8.0_idx_24,TGTAGCGGAATCTCAGGCCTAAGCTGTCCCACAGCCTCTGACGTACTTAT,6.136279106140137,-7.9
_mrl_6.0_mfe_-8.0_idx_25,ATGAACGGCGATTGCCAGGGGTAAAGCGAAGAAGCGTGCCGAAATCCTAT,6.60744047164917,-11.0
_mrl_6.0_mfe_-8.0_idx_26,GCGAACGGTTAAATGGTAAGCGTCTTCGTCATAGCCCGTATTTACGAAAT,6.069498062133789,-6.7
_mrl_6.0_mfe_-8.0_idx_27,CGAAGCGGAAGTCTATTCTGTTACATGAAGGCAGCCTTGATTATAGCACT,6.447449684143066,-8.7
_mrl_6.0_mfe_-8.0_idx_28,TGCTGCGCCCCAGGGGGTAAAGGGCAACCAAAAGCATTGTTCAATCTTTA,5.992618083953857,-8.8
_mrl_6.0_mfe_-8.0_idx_29,CCGAGAGACAAGGGCGCGAACCAGGTCAAACGTCGTAAATGTTCTAGAGA,6.232534885406494,-6.4
_mrl_6.0_mfe_-8.0_idx_30,AAAATCGGCAGATATCACTAGGGGGTCATTGCAGTTTGCTTATGTGGTAA,6.490067005157471,-7.6
_mrl_6.0_mfe_-8.0_idx_31,TGCACCGCGTGCGGAAACACTTAACTCCAAAGAGCAGAGCTTGAACGAGG,5.923667907714844,-9.5
_mrl_6.0_mfe_-8.0_idx_32,TGACGCGCCTTCTTTACCCCGGTGTGGTTAAGAGCTAATATCGAGGTTAC,5.6636834144592285,-9.4
_mrl_6.0_mfe_-8.0_idx_33,AAACACGGTGGCTTCTGCGACCAGACGTTTTCAGCTAGACACTTCGATGA,5.706627368927002,-9.4
_mrl_6.0_mfe_-8.0_idx_34,TGGGACGAATAAGCCTGTGACAGTTCAGAAAATCAGAACCGGACCTGCCT,6.247628688812256,-5.2
_mrl_6.0_mfe_-8.0_idx_35,CCTCTCGGATGAGACCTGTTACGCCGCCCATAAGTTAACCGGTTTGAATC,6.591266632080078,-6.6
_mrl_6.0_mfe_-8.0_idx_36,ATGAACGAGTTGGGAGTCTTGCGTCGAAAACCAGTAAGAATCGGTAACCG,6.159335136413574,-9.7
_mrl_6.0_mfe_-8.0_idx_37,AATGACGAAAGTGTGAACGCGGGAAAACTGGATCGCCTTCTTGTGGACGG,5.605700492858887,-10.1
_mrl_6.0_mfe_-8.0_idx_38,CCTAACGCACGCGCCGATGTTCAATAAATGTTTCGGTGTATAAAGTGCAT,5.6772847175598145,-13.5
_mrl_6.0_mfe_-8.0_idx_39,CCTAGAGAGTTGCACGCAAAGTCCCTTTATGTAGCCGGAAAATTCACCTT,5.7470808029174805,-4.8
_mrl_6.0_mfe_-8.0_idx_40,CTCTCAGATATCTCGAGAGATCTTCTGAATGTAGCTGGATTTTGTCCATG,5.955504894256592,-10.3
_mrl_6.0_mfe_-8.0_idx_41,CGACCAGAACGCCAACTTAGTGGGCACGTACCTCACAGTAACTAAATGTC,6.2064971923828125,-4.3
_mrl_6.0_mfe_-8.0_idx_42,CCTGGCGCTACGAACTCCCTATACGTACCTGGTCCGGGAACAGTTATGTA,5.893797397613525,-9.7
_mrl_6.0_mfe_-8.0_idx_43,CCGTGCGCGTTCCCCACAGAGTTTCACGGCTGAGCATCAGATGCTCTGTA,5.697202682495117,-12.0
_mrl_6.0_mfe_-8.0_idx_44,GGAAGAGAGACACACCCGATACTGATGAGAAGAGCCAGTCATACTTTTCG,5.976110458374023,-5.2
_mrl_6.0_mfe_-8.0_idx_45,TTAGGCGAACAGAACGATCTCATGTTTTGGCTAGCCCTGTCGCACGTTTG,5.810313701629639,-10.1
_mrl_6.0_mfe_-8.0_idx_46,TGTAACGTCTACATCTTGCCCGCAGCCTGGCCAGCCAATAAATTAGAGTG,5.970887660980225,-3.9
_mrl_6.0_mfe_-8.0_idx_47,CCGGTAGAGAGGTTTGATGCCGTTCGAAAAGAAGCAGTCGATTAAATGGA,5.033199787139893,-6.7
_mrl_6.0_mfe_-8.0_idx_48,GATATCGCGAGGTATATAACAGAACCAGATGCAGCTTGAGGGATCAGGAA,5.061053276062012,-6.9
_mrl_6.0_mfe_-8.0_idx_49,ATGAACGGGAGGCGTGCCGGCAGCCATACTCCAGCATAAATCACCGTAAG,6.131137847900391,-13.7
_mrl_6.0_mfe_-8.0_idx_50,ATGGTCGGACACCAAGGAAAGAGTCGGAGGGTTCAGACGATCGGAAAGGA,5.717782497406006,-9.1
_mrl_6.0_mfe_-8.0_idx_51,TAATACGCTAGGCCTTTGCCGAATGCCGCATCTCCACCTCCTCTCATCAA,6.04612398147583,-4.8
_mrl_6.0_mfe_-8.0_idx_52,CCGGTCGCGCATCGAGAGAGGTATAAAGATAAAGCAGGTTTGATGACCGC,5.896718978881836,-8.4
_mrl_6.0_mfe_-8.0_idx_53,GACAGCGGCAACTCTTTTGGCGTATCGAATGCAGCACTAACACGACTGCG,5.95107364654541,-9.9
_mrl_6.0_mfe_-8.0_idx_54,CATGCCGCTAAACGCCCACAAGGGAGTTTGGGTCACGATCCGATTTGTTA,5.714716911315918,-11.9
_mrl_6.0_mfe_-8.0_idx_55,CACCGAGGCTAGATTGATGAACCAGAGCTATAAGCACGGAACGGTGTCAA,6.270582675933838,-6.7
_mrl_6.0_mfe_-8.0_idx_56,CCTTACGCTGCCGACTGACAAATGCAAGTTGAAGCCAACGAATGGGCGAA,5.989677906036377,-7.6
_mrl_6.0_mfe_-8.0_idx_57,TGGACAGATAATCAGGCCTATTAAAATACTAGAGCGTGTGTTACCGTTCG,6.4983930587768555,-9.4
_mrl_6.0_mfe_-8.0_idx_58,ATGAGAGAACAACCGAATGTAACAGTTAGCTCAGCGGCTTCCTATTTCCA,5.578495025634766,-4.8
_mrl_6.0_mfe_-8.0_idx_59,CCGGGCGGCCACGCATTCCGAATTTTGCACGAAGCCAAGCGCGCAATGAC,5.864107131958008,-12.0
_mrl_6.0_mfe_-8.0_idx_60,CGTCTCGCCTTCAGTCCTATGGGTATTTTCATTCAATTGAAGGGTCTACA,5.972776889801025,-12.3
_mrl_6.0_mfe_-8.0_idx_61,CCAGTCGCGGAATTCCTTGCCACGAACTGGCATCGATTGACGGTCATGTC,5.816892623901367,-11.1
_mrl_6.0_mfe_-8.0_idx_62,AATAACGCACACTAGTGAGGAGCCTCTTATGTTCCCGAAATCTTCCATAA,5.946995258331299,-6.1
_mrl_6.0_mfe_-8.0_idx_63,TGCCTCGAACGGTACCGAGAAAGAGCCCTGCTAGCGACGTATGAACACCG,4.9223952293396,-5.1
_mrl_6.0_mfe_-8.0_idx_64,CACGCCGAGCAAGCGGTAGGCCTCGTCGTCGAAGCTTCTCCGTATGTCAT,5.845357418060303,-14.6
_mrl_6.0_mfe_-8.0_idx_65,TGTATCGTTCATCGTGGTAAGGGACAAGACGGAGCAGTAACGAGGGATAT,5.980235576629639,-8.0
_mrl_6.0_mfe_-8.0_idx_66,CCCTGCGACCGTGTTTCAAACAATAGTCCCACAGCAAGGCCCAATGGGAG,5.426304817199707,-7.1
_mrl_6.0_mfe_-8.0_idx_67,TGAGGAGAGAGGAGTACGCACCGGTATTCTAAAGCGATCCCGCATAACGT,6.279959201812744,-10.7
_mrl_6.0_mfe_-8.0_idx_68,CTGTGCGCGGTCAGAGTAATGCAAAAGAGTGAAGCGGTCATACAATCACT,6.367845058441162,-4.8
_mrl_6.0_mfe_-8.0_idx_69,TTGCACGCACACAGACCGATGCTTTACGCAGCAGCAACGCTTTTTCATAG,6.05186128616333,-3.5
_mrl_6.0_mfe_-8.0_idx_70,AGAAGCGCTGTCGTATGGACCAGTCCTAAACCAGCCGTGACATCAGATAA,6.591550350189209,-7.3
_mrl_6.0_mfe_-8.0_idx_71,GACCTCGAACTGGCGTTGTTTCGATTAATGACAGCATTCAGCCTCTTTCG,5.922603607177734,-8.7
_mrl_6.0_mfe_-8.0_idx_72,TGGGCCGCAAAGGTTGGACCTAGCCTAAGATTAGCACAAAGAGAAAATAA,5.203941822052002,-6.7
_mrl_6.0_mfe_-8.0_idx_73,TGCCTCGACTAAAGTCGCGAAGTCCGTCACCGAGCTAAGGCATTAAACAT,5.398855209350586,-9.2
_mrl_6.0_mfe_-8.0_idx_74,GGGACCGAAGAACATATGGTCAATGGTTAAGAAGCCAACCATATCTTTCG,6.057394981384277,-13.2
_mrl_6.0_mfe_-8.0_idx_75,CCAACCGTGGATAAATCCGCACATGTTCAAGGAGCGCTGCAGTTGAATGC,6.1698689460754395,-9.4
_mrl_6.0_mfe_-8.0_idx_76,AAGGCCGCAGCCAATGACCAACGAGTAGTCATAGTTCCTCTGGAAACCCG,6.119108200073242,-8.0
_mrl_6.0_mfe_-8.0_idx_77,AGCAGCGCGAATGAGAATCTTTCTGGGCGTACAGCGGAGAAACTAAAGTT,5.978160381317139,-7.4
_mrl_6.0_mfe_-8.0_idx_78,TGTGACGATCGTACCCGGAAAGAAACGGCCAATCGTGAAAGTAGGACCGC,6.035713195800781,-8.3
_mrl_6.0_mfe_-8.0_idx_79,TCTGTCGATGTTTACAAAGGCATGTTACCTAGAGCTAGAAAATTGCTACA,4.194751262664795,-4.8
_mrl_6.0_mfe_-8.0_idx_80,CTCGCCGGGTTCAGATTTTCATCCATGACATAAGCGTTCCGCGTGGCTGT,6.73568058013916,-7.4
_mrl_6.0_mfe_-8.0_idx_81,CACCACGCTCCGTGGGGCACGCATGTAAGACATCGTTACTTTGCAAGTCC,5.814319610595703,-12.4
_mrl_6.0_mfe_-8.0_idx_82,TGAATAGAATAGGTGATGGGGATGTCAGTCGAAGCCGAGATAGGGCGAAA,5.995548248291016,-6.4
_mrl_6.0_mfe_-8.0_idx_83,TGCACCGCACGCAAAAGACATAGTAAGTACGGAGCGACGTTTTCACTTGG,6.081673622131348,-6.2
_mrl_6.0_mfe_-8.0_idx_84,CCTACAGAATCGGCGAGCTTAAGCTGGAACGGAGCAAAAGGAATTATGCC,5.69624137878418,-7.5
_mrl_6.0_mfe_-8.0_idx_85,TGCGACGCACGTCATTACCGGAAGATAAATGATCCATGTCGGCTATCGGT,5.705694198608398,-8.2
_mrl_6.0_mfe_-8.0_idx_86,ATGCGCGGCCAGGACTACAGACTACACGACAAAGCACATAGGTGGGCACT,5.649017333984375,-6.4
_mrl_6.0_mfe_-8.0_idx_87,CCGGAAGAACTAAGGGTGATGAAAGGTTGACCAGCATGCCAGCGGGATGT,4.7006402015686035,-8.1
_mrl_6.0_mfe_-8.0_idx_88,GGATGCGGGCTTTCTGATAGTTATAGGTCAAGTCGAAGGTCATAAACGTT,5.998140335083008,-8.3
_mrl_6.0_mfe_-8.0_idx_89,CCGGCCGCAAGGACACAGATCGATGCGTGGATAGCACAAACGAGTACCTT,6.170528411865234,-7.0
_mrl_6.0_mfe_-8.0_idx_90,CAGAACGCAAGCCCGTTATAAACGGCGCATGGTCAAGGCTCGGACCAAAA,6.416330814361572,-13.5
_mrl_6.0_mfe_-8.0_idx_91,CCGGACGCATTTCCGGATGGTCCAAAAGTGATTCCTCAATCTTCGCCCTA,6.114645004272461,-9.9
_mrl_6.0_mfe_-8.0_idx_92,GACCCAGAGGCGCACATGTTCGCTTGTCACTATCGATATCCCTAAACCTC,6.094886779785156,-5.7
_mrl_6.0_mfe_-8.0_idx_93,GTGAACGACACGTATCTTTAGCAAATGTCCGAAGCATTGTCTTAAGGACT,5.442198276519775,-7.6
_mrl_6.0_mfe_-8.0_idx_94,CATGCCGCACACTAGGGGACAAGTGTCTAGCAAGCATATCTGCAAGACAA,5.659245491027832,-12.0
_mrl_6.0_mfe_-8.0_idx_95,TGTAAAGGGGAGACATTAGCTAGGGGTCCTGTAGTACATATCTCTATATT,6.827739715576172,-9.7
_mrl_6.0_mfe_-8.0_idx_96,TGTGACGCGGCCGGGACAAATACTAGGACTCGTCCGCAGCAAGCGAATCC,5.747343063354492,-11.6
_mrl_6.0_mfe_-8.0_idx_97,CCGCTAGAAGAAGATTGTCAAATGCGATTCGTAGCGGCGTAACGTCTTTC,5.98988151550293,-10.7
_mrl_6.0_mfe_-8.0_idx_98,TGGTTCGAGCAACTTCGAAAGGGAGCAAGGAAAGCGGTAACCGGTCCTAA,5.795662879943848,-9.2
_mrl_6.0_mfe_-8.0_idx_99,CTAACCGCAGATTTCGGTTTGATCCGAATGAGAGCCTTAGGTGCGAGATC,5.814327239990234,-8.8
